Timestamp,User Count,Type,Name,Requests/s,Failures/s,50%,66%,75%,80%,90%,95%,98%,99%,99.9%,99.99%,100%,Total Request Count,Total Failure Count,Total Median Response Time,Total Average Response Time,Total Min Response Time,Total Max Response Time,Total Average Content Size
1739239071,0,,Aggregated,0.000000,0.000000,N/A,N/A,N/A,N/A,N/A,N/A,N/A,N/A,N/A,N/A,N/A,0,0,0,0.0,0,0,0
1739239072,10,,Aggregated,0.000000,0.000000,N/A,N/A,N/A,N/A,N/A,N/A,N/A,N/A,N/A,N/A,N/A,0,0,0,0.0,0,0,0
1739239073,20,,Aggregated,0.000000,0.000000,N/A,N/A,N/A,N/A,N/A,N/A,N/A,N/A,N/A,N/A,N/A,0,0,0,0.0,0,0,0
1739239074,30,,Aggregated,0.000000,0.000000,N/A,N/A,N/A,N/A,N/A,N/A,N/A,N/A,N/A,N/A,N/A,0,0,0,0.0,0,0,0
1739239075,40,,Aggregated,0.000000,0.000000,3900,3900,3900,3900,3900,3900,3900,3900,3900,3900,3900,11,0,3884.150875004707,3337.981696994658,1951.3044999912381,3884.150875004707,3.0
1739239076,50,,Aggregated,0.000000,0.000000,2600,2900,3400,3600,3900,4600,4700,4700,4700,4700,4700,51,0,2600.0,2396.1281413720308,15.337791992351413,4711.762582999654,44979.705882352944
1739239077,60,,Aggregated,0.000000,0.000000,1700,2700,2900,3400,3900,4400,4700,4700,4700,4700,4700,70,0,1600.0,1766.1700762563019,12.438834004569799,4711.762582999654,46094.05714285714
1739239078,70,,Aggregated,3.000000,0.000000,120,1600,2300,2700,3400,3900,4600,4700,4700,4700,4700,114,0,120.0,1093.7067415790425,6.0895420028828084,4711.762582999654,44495.36842105263
1739239079,80,,Aggregated,10.166667,0.000000,58,460,1600,2300,3300,3900,4600,4700,4700,4700,4700,143,0,58,879.2375876851969,6.0895420028828084,4711.762582999654,41119.90909090909
1739239080,90,,Aggregated,10.166667,0.000000,58,460,1600,2300,3300,3900,4600,4700,4700,4700,4700,143,0,58,879.2375876851969,6.0895420028828084,4711.762582999654,41119.90909090909
1739239081,100,,Aggregated,10.166667,0.000000,58,460,1600,2300,3300,3900,4600,4700,4700,4700,4700,143,0,58,879.2375876851969,6.0895420028828084,4711.762582999654,41119.90909090909
1739239082,100,,Aggregated,15.888889,0.000000,1300,1800,2300,2400,2700,3400,3900,4600,4700,4700,4700,243,0,1300.0,1274.7488341769952,6.0895420028828084,4711.762582999654,39980.555555555555
1739239083,100,,Aggregated,14.300000,0.000000,730,1700,2100,2400,2700,3400,3900,4600,4700,4700,4700,271,0,730.0,1145.4942292252226,6.0895420028828084,4711.762582999654,40853.40221402214
1739239084,100,,Aggregated,17.000000,0.000000,120,1500,2000,2200,2700,3300,3900,4400,4700,4700,4700,316,0,100.0,984.5375723735639,5.715209001209587,4711.762582999654,40780.86075949367
1739239085,100,,Aggregated,17.000000,0.000000,120,1500,2000,2200,2700,3300,3900,4400,4700,4700,4700,316,0,100.0,984.5375723735639,5.715209001209587,4711.762582999654,40780.86075949367
1739239086,100,,Aggregated,29.200000,0.000000,120,1500,1900,2200,2700,3300,3900,4400,4700,4700,4700,318,0,120.0,988.3781995410327,5.715209001209587,4711.762582999654,41082.339622641506
1739239087,100,,Aggregated,29.200000,0.000000,120,1500,1900,2200,2700,3300,3900,4400,4700,4700,4700,318,0,120.0,988.3781995410327,5.715209001209587,4711.762582999654,41082.339622641506
1739239088,100,,Aggregated,30.100000,0.000000,1500,2200,2600,2700,3300,3500,3900,3900,4700,4700,4700,418,0,1500.0,1407.8314651891926,5.715209001209587,4711.762582999654,40579.1985645933
1739239089,100,,Aggregated,25.700000,0.000000,1400,2100,2500,2700,3200,3400,3900,3900,4700,4700,4700,434,0,1400.0,1356.6143914957531,5.715209001209587,4711.762582999654,40584.559907834104
1739239090,100,,Aggregated,22.500000,0.000000,820,2000,2400,2700,3200,3400,3900,3900,4700,4700,4700,465,0,820.0,1267.2247051722645,5.715209001209587,4711.762582999654,40726.04516129032
1739239091,100,,Aggregated,22.500000,0.000000,820,2000,2400,2700,3200,3400,3900,3900,4700,4700,4700,465,0,820.0,1267.2247051722645,5.715209001209587,4711.762582999654,40726.04516129032
1739239092,100,,Aggregated,22.500000,0.000000,820,2000,2400,2700,3200,3400,3900,3900,4700,4700,4700,465,0,820.0,1267.2247051722645,5.715209001209587,4711.762582999654,40726.04516129032
1739239093,100,,Aggregated,32.200000,0.000000,890,2000,2400,2700,3200,3400,3900,3900,4700,4700,4700,466,0,820.0,1270.5580824143588,5.715209001209587,4711.762582999654,40826.51716738197
1739239094,100,,Aggregated,29.500000,0.000000,1600,2400,2700,2900,3300,3400,3700,3900,4700,4700,4700,566,0,1600.0,1521.0520781571697,5.715209001209587,4711.762582999654,40514.35335689046
1739239095,100,,Aggregated,22.200000,0.000000,1600,2400,2700,2900,3300,3400,3700,3900,4700,4700,4700,573,0,1600.0,1502.771375776664,5.715209001209587,4711.762582999654,40573.41361256545
1739239096,100,,Aggregated,22.200000,0.000000,1600,2400,2700,2900,3300,3400,3700,3900,4700,4700,4700,573,0,1600.0,1502.771375776664,5.715209001209587,4711.762582999654,40573.41361256545
1739239097,100,,Aggregated,25.200000,0.000000,1600,2400,2700,2900,3300,3400,3700,3900,4700,4700,4700,574,0,1600.0,1503.8388479739417,5.715209001209587,4711.762582999654,40655.24738675958
1739239098,100,,Aggregated,25.700000,0.000000,1800,2400,2700,2900,3300,3400,3600,3900,4700,4700,4700,611,0,1800.0,1564.3021695123591,5.715209001209587,4711.762582999654,39826.379705400985
1739239099,100,,Aggregated,25.500000,0.000000,1800,2500,2800,2900,3300,3400,3800,3900,4700,4700,4700,623,0,1800.0,1599.3010304817021,5.715209001209587,4711.762582999654,40044.0
1739239100,100,,Aggregated,25.600000,0.000000,2000,2600,2900,3100,3400,3600,4100,4500,4700,4700,4700,657,0,2000.0,1702.9697932332188,5.715209001209587,4711.762582999654,40504.05479452055
1739239101,100,,Aggregated,19.300000,0.000000,1800,2600,2900,3100,3400,3900,4400,4600,5800,5800,5800,729,0,1800.0,1693.4878014310168,5.715209001209587,5780.2538750111125,39433.20987654321
1739239102,100,,Aggregated,19.800000,0.000000,1800,2600,2900,3100,3400,3900,4400,4600,5800,5800,5800,740,0,1800.0,1668.5625736963088,5.715209001209587,5780.2538750111125,39276.03243243243
1739239103,100,,Aggregated,19.200000,0.000000,1800,2600,2900,3100,3400,3900,4400,4600,5800,5800,5800,741,0,1800.0,1667.9805944592101,5.715209001209587,5780.2538750111125,39341.17408906882
1739239104,100,,Aggregated,19.200000,0.000000,1800,2600,2900,3100,3400,3900,4400,4600,5800,5800,5800,741,0,1800.0,1667.9805944592101,5.715209001209587,5780.2538750111125,39341.17408906882
1739239105,100,,Aggregated,27.500000,0.000000,1800,2600,2900,3100,3400,3900,4400,4600,5800,5800,5800,749,0,1800.0,1683.061644239362,5.715209001209587,5780.2538750111125,39584.80774365821
1739239106,100,,Aggregated,23.800000,0.000000,2000,2700,2900,3100,3400,3800,4400,4600,5800,5800,5800,821,0,2000.0,1770.586378037033,5.715209001209587,5780.2538750111125,39431.69305724726
1739239107,100,,Aggregated,17.300000,0.000000,2000,2700,3000,3100,3400,3900,4400,4700,5800,5800,5800,833,0,2000.0,1797.1768349259985,5.715209001209587,5780.2538750111125,39687.98679471789
1739239108,100,,Aggregated,21.900000,0.000000,1900,2600,2900,3100,3400,3900,4500,4700,5800,5800,5800,895,0,1900.0,1753.0834333736361,5.715209001209587,5836.672625009669,39620.86927374302
1739239109,100,,Aggregated,24.800000,0.000000,1700,2600,2900,3100,3400,3900,4500,4800,5800,5800,5800,937,0,1700.0,1706.8169754517355,5.715209001209587,5836.672625009669,40202.148345784415
1739239110,100,,Aggregated,25.900000,0.000000,1600,2500,2900,3100,3400,3900,4500,4800,5800,5800,5800,981,0,1600.0,1630.9757938758764,5.251916998531669,5836.672625009669,39854.18348623853
1739239111,100,,Aggregated,31.200000,0.000000,1500,2400,2800,3000,3400,3800,4500,4800,5800,5800,5800,1039,0,1500.0,1540.7439356343618,4.659833008190617,5836.672625009669,40005.79980750722
1739239112,100,,Aggregated,29.600000,0.000000,1300,2400,2800,3000,3300,3800,4400,4800,5800,5800,5800,1079,0,1300.0,1484.208554142832,4.659833008190617,5836.672625009669,39712.267840593144
1739239113,100,,Aggregated,33.900000,0.000000,1100,2300,2700,2900,3300,3700,4400,4700,5800,5800,5800,1130,0,1100.0,1417.8581137170468,4.659833008190617,5836.672625009669,39652.826548672565
1739239114,100,,Aggregated,31.100000,0.000000,1100,2300,2700,2900,3300,3700,4400,4700,5800,5800,5800,1131,0,1100.0,1417.4807840409048,4.659833008190617,5836.672625009669,39695.1724137931
1739239115,100,,Aggregated,31.100000,0.000000,1100,2300,2700,2900,3300,3700,4400,4700,5800,5800,5800,1131,0,1100.0,1417.4807840409048,4.659833008190617,5836.672625009669,39695.1724137931
1739239116,100,,Aggregated,31.100000,0.000000,1100,2300,2700,2900,3300,3700,4400,4700,5800,5800,5800,1131,0,1100.0,1417.4807840409048,4.659833008190617,5836.672625009669,39695.1724137931
1739239117,100,,Aggregated,39.000000,0.000000,1400,2400,2800,3000,3400,3800,4400,4700,5800,5800,5800,1191,0,1400.0,1503.230413904511,4.659833008190617,5836.672625009669,39326.09319899244
1739239118,100,,Aggregated,39.000000,0.000000,1500,2400,2800,3000,3400,3800,4400,4700,5800,5800,5800,1231,0,1500.0,1536.3413562520268,4.659833008190617,5836.672625009669,39501.85052802599
1739239119,100,,Aggregated,31.000000,0.000000,1300,2400,2800,3000,3400,3800,4400,4700,5800,5800,5800,1283,0,1300.0,1474.7529191091846,4.659833008190617,5836.672625009669,39347.646921278254
1739239120,100,,Aggregated,39.800000,0.000000,1000,2300,2700,3000,3400,3700,4300,4700,5800,5800,5800,1339,0,1000.0,1413.7056843217504,4.659833008190617,5836.672625009669,39622.10903659448
1739239121,100,,Aggregated,32.200000,0.000000,870,2200,2700,2900,3400,3700,4300,4700,5800,5800,5800,1379,0,870.0,1373.1586006264251,4.659833008190617,5836.672625009669,39858.126178390135
1739239122,100,,Aggregated,35.700000,0.000000,680,2100,2700,2900,3300,3700,4300,4700,5800,5800,5800,1433,0,680.0,1321.9339440947629,4.659833008190617,5836.672625009669,39461.706908583394
1739239123,100,,Aggregated,35.500000,0.000000,460,2100,2600,2900,3300,3700,4300,4700,5800,5800,5800,1480,0,450.0,1280.3973794545675,4.659833008190617,5836.672625009669,39427.74932432432
1739239124,100,,Aggregated,34.500000,0.000000,280,2000,2600,2900,3300,3600,4300,4600,5800,5800,5800,1514,0,280.0,1251.946415379628,4.659833008190617,5836.672625009669,39338.42734478204
1739239125,100,,Aggregated,34.500000,0.000000,280,2000,2600,2900,3300,3600,4300,4600,5800,5800,5800,1514,0,280.0,1251.946415379628,4.659833008190617,5836.672625009669,39338.42734478204
1739239126,100,,Aggregated,36.300000,0.000000,290,2000,2600,2900,3300,3600,4300,4600,5800,5800,5800,1517,0,290.0,1252.8340710624705,4.659833008190617,5836.672625009669,39340.36849044166
1739239127,100,,Aggregated,38.300000,0.000000,720,2100,2600,2800,3300,3600,4300,4600,5800,5800,5800,1616,0,710.0,1301.5719395945134,4.659833008190617,5836.672625009669,39558.23948019802
1739239128,100,,Aggregated,38.300000,0.000000,700,2100,2600,2800,3300,3600,4300,4600,5800,5800,5800,1626,0,700.0,1293.7125844924544,4.659833008190617,5836.672625009669,39664.31180811808
1739239129,100,,Aggregated,38.600000,0.000000,440,2000,2500,2800,3300,3600,4200,4600,5800,5800,5800,1685,0,440.0,1248.879274760148,4.659833008190617,5836.672625009669,39576.41127596439
1739239130,100,,Aggregated,38.600000,0.000000,410,2000,2500,2800,3300,3600,4200,4600,5800,5800,5800,1692,0,390.0,1243.7688951512075,4.659833008190617,5836.672625009669,39577.78191489362
1739239131,100,,Aggregated,38.600000,0.000000,410,2000,2500,2800,3300,3600,4200,4600,5800,5800,5800,1692,0,390.0,1243.7688951512075,4.659833008190617,5836.672625009669,39577.78191489362
1739239132,100,,Aggregated,39.100000,0.000000,410,2000,2500,2800,3300,3600,4200,4600,5800,5800,5800,1693,0,410.0,1244.2247801068145,4.659833008190617,5836.672625009669,39606.115180153574
1739239133,100,,Aggregated,34.100000,0.000000,810,2100,2600,2800,3300,3600,4200,4600,5800,5800,5800,1792,0,800.0,1312.9996253308866,4.659833008190617,5836.672625009669,39282.41517857143
1739239134,100,,Aggregated,30.100000,0.000000,740,2100,2600,2800,3300,3500,4200,4500,5800,5800,5800,1807,0,740.0,1302.2101314863523,4.659833008190617,5836.672625009669,39172.514111787495
1739239135,100,,Aggregated,24.400000,0.000000,530,2100,2600,2800,3300,3500,4200,4500,5800,5800,5800,1864,0,510.0,1262.8204061673268,4.659833008190617,5836.672625009669,39067.46137339056
1739239136,100,,Aggregated,24.400000,0.000000,490,2100,2600,2800,3300,3500,4200,4500,5800,5800,5800,1867,0,490.0,1260.8195568713975,4.659833008190617,5836.672625009669,39098.46973754687
1739239137,100,,Aggregated,24.400000,0.000000,490,2100,2600,2800,3300,3500,4200,4500,5800,5800,5800,1867,0,490.0,1260.8195568713975,4.659833008190617,5836.672625009669,39098.46973754687
1739239138,100,,Aggregated,30.200000,0.000000,510,2100,2600,2800,3300,3500,4200,4500,5800,5800,5800,1868,0,490.0,1261.1713323361262,4.659833008190617,5836.672625009669,39086.48286937901
1739239139,100,,Aggregated,35.000000,0.000000,850,2100,2600,2700,3200,3500,4000,4500,5800,5800,5800,1968,0,840.0,1294.8669075476946,4.659833008190617,5836.672625009669,38861.67987804878
1739239140,100,,Aggregated,25.100000,0.000000,770,2100,2500,2700,3200,3500,4000,4500,5800,5800,5800,1991,0,770.0,1280.1049672952745,4.659833008190617,5836.672625009669,38792.059768960324
1739239141,100,,Aggregated,25.100000,0.000000,770,2100,2500,2700,3200,3500,4000,4500,5800,5800,5800,1991,0,770.0,1280.1049672952745,4.659833008190617,5836.672625009669,38792.059768960324
1739239142,100,,Aggregated,29.100000,0.000000,780,2100,2500,2700,3200,3500,4000,4500,5800,5800,5800,1993,0,780.0,1280.4664846803255,4.659833008190617,5836.672625009669,38842.159056698445
1739239143,100,,Aggregated,29.900000,0.000000,930,2100,2500,2700,3200,3500,4000,4500,5700,5800,5800,2048,0,930.0,1299.3256564565609,4.659833008190617,5836.672625009669,39001.0458984375
1739239144,100,,Aggregated,30.000000,0.000000,1000,2100,2500,2700,3200,3500,4000,4500,5700,5800,5800,2074,0,1000.0,1317.2212250125267,4.659833008190617,5836.672625009669,38981.29701060752
1739239145,100,,Aggregated,31.400000,0.000000,1000,2100,2600,2700,3200,3500,4100,4500,5700,5800,5800,2088,0,1000.0,1326.1314609918309,4.659833008190617,5836.672625009669,39081.60344827586
1739239146,100,,Aggregated,31.400000,0.000000,1000,2100,2600,2700,3200,3500,4100,4500,5700,5800,5800,2088,0,1000.0,1326.1314609918309,4.659833008190617,5836.672625009669,39081.60344827586
1739239147,100,,Aggregated,26.000000,0.000000,1200,2200,2600,2800,3300,3500,4200,4600,5800,6000,6000,2129,0,1200.0,1354.8853201671766,4.659833008190617,5972.584625007585,38954.923907938
1739239148,100,,Aggregated,22.100000,0.000000,1200,2200,2600,2700,3300,3500,4300,4700,5900,6300,6300,2188,0,1200.0,1365.45505799026,4.659833008190617,6285.512125003152,39123.81992687386
1739239149,100,,Aggregated,22.100000,0.000000,1200,2200,2600,2700,3300,3500,4300,4700,5900,6300,6300,2188,0,1200.0,1365.45505799026,4.659833008190617,6285.512125003152,39123.81992687386
1739239150,100,,Aggregated,22.100000,0.000000,1200,2200,2600,2700,3300,3500,4300,4700,5900,6300,6300,2188,0,1200.0,1365.45505799026,4.659833008190617,6285.512125003152,39123.81992687386
1739239151,100,,Aggregated,26.100000,0.000000,1300,2200,2600,2700,3200,3500,4200,4700,5900,6300,6300,2251,0,1300.0,1389.512361158468,4.659833008190617,6285.512125003152,38946.25588627277
1739239152,100,,Aggregated,21.400000,0.000000,1300,2200,2500,2700,3200,3500,4200,4700,5900,6300,6300,2291,0,1300.0,1391.0107703931476,4.659833008190617,6285.512125003152,39068.17765168049
1739239153,100,,Aggregated,19.700000,0.000000,1200,2100,2500,2700,3200,3500,4200,4600,5900,6300,6300,2345,0,1200.0,1359.3438830181967,4.659833008190617,6285.512125003152,38917.06950959488
1739239154,100,,Aggregated,29.400000,0.000000,1200,2100,2500,2700,3200,3500,4200,4600,5900,6300,6300,2374,0,1200.0,1342.910179537336,4.659833008190617,6285.512125003152,38832.83656276327
1739239155,100,,Aggregated,29.400000,0.000000,1200,2100,2500,2700,3200,3500,4200,4600,5900,6300,6300,2374,0,1200.0,1342.910179537336,4.659833008190617,6285.512125003152,38832.83656276327
1739239156,100,,Aggregated,29.800000,0.000000,1200,2100,2500,2700,3200,3500,4200,4600,5900,6300,6300,2377,0,1200.0,1343.7953211735937,4.659833008190617,6285.512125003152,38896.28607488431
1739239157,100,,Aggregated,29.800000,0.000000,1300,2100,2500,2700,3200,3500,4200,4600,5900,6300,6300,2474,0,1300.0,1358.6595925487316,4.659833008190617,6285.512125003152,38569.30598221504
1739239158,100,,Aggregated,28.600000,0.000000,1200,2100,2500,2700,3200,3500,4200,4600,5900,6300,6300,2500,0,1200.0,1344.699941002611,4.659833008190617,6285.512125003152,38598.1752
1739239159,100,,Aggregated,28.900000,0.000000,1200,2100,2500,2600,3200,3500,4100,4600,5900,6300,6300,2557,0,1200.0,1315.0087402418758,4.659833008190617,6285.512125003152,38463.0516229957
1739239160,100,,Aggregated,29.200000,0.000000,1100,2000,2400,2600,3200,3500,4000,4600,5900,6300,6300,2609,0,1100.0,1289.169935707733,4.659833008190617,6285.512125003152,38600.92985818321
1739239161,100,,Aggregated,31.800000,0.000000,990,2000,2400,2600,3200,3500,4000,4600,5900,6300,6300,2628,0,990.0,1279.9604639978952,4.659833008190617,6285.512125003152,38596.50342465754
1739239162,100,,Aggregated,31.800000,0.000000,990,2000,2400,2600,3200,3500,4000,4600,5900,6300,6300,2628,0,990.0,1279.9604639978952,4.659833008190617,6285.512125003152,38596.50342465754
1739239163,100,,Aggregated,31.800000,0.000000,990,2000,2400,2600,3200,3500,4000,4600,5900,6300,6300,2628,0,990.0,1279.9604639978952,4.659833008190617,6285.512125003152,38596.50342465754
1739239164,100,,Aggregated,34.100000,0.000000,1200,2100,2500,2600,3100,3400,4000,4600,5900,6300,6300,2728,0,1200.0,1309.710274090683,4.659833008190617,6285.512125003152,38536.796920821114
1739239165,100,,Aggregated,33.200000,0.000000,1200,2100,2400,2600,3100,3400,4000,4600,5900,6300,6300,2747,0,1200.0,1300.7727289961451,4.659833008190617,6285.512125003152,38553.80378594831
1739239166,100,,Aggregated,28.100000,0.000000,1100,2000,2400,2600,3100,3400,4000,4600,5900,6300,6300,2792,0,1100.0,1280.0305833676389,4.659833008190617,6285.512125003152,38559.91547277937
1739239167,100,,Aggregated,28.100000,0.000000,1100,2000,2400,2600,3100,3400,4000,4600,5900,6300,6300,2792,0,1100.0,1280.0305833676389,4.659833008190617,6285.512125003152,38559.91547277937
1739239168,100,,Aggregated,37.700000,0.000000,1100,2000,2400,2600,3100,3400,4000,4600,5900,6300,6300,2796,0,1100.0,1280.4305196900714,4.659833008190617,6285.512125003152,38606.33369098712
1739239169,100,,Aggregated,41.500000,0.000000,1200,2100,2400,2600,3100,3400,4000,4500,5900,6300,6300,2893,0,1200.0,1300.7288337986452,4.659833008190617,6285.512125003152,38572.644659522986
1739239170,100,,Aggregated,31.800000,0.000000,1200,2000,2400,2600,3100,3400,3900,4500,5900,6300,6300,2910,0,1200.0,1293.2382384640964,4.659833008190617,6285.512125003152,38608.42886597938
1739239171,100,,Aggregated,29.000000,0.000000,1200,2000,2400,2600,3100,3400,3900,4500,5900,6300,6300,2911,0,1200.0,1293.0674597696675,4.659833008190617,6285.512125003152,38626.04397114394
1739239172,100,,Aggregated,29.000000,0.000000,1200,2000,2400,2600,3100,3400,3900,4500,5900,6300,6300,2911,0,1200.0,1293.0674597696675,4.659833008190617,6285.512125003152,38626.04397114394
1739239173,100,,Aggregated,29.900000,0.000000,1200,2100,2400,2600,3100,3400,3900,4500,5900,6300,6300,2922,0,1200.0,1298.0762505757912,4.659833008190617,6285.512125003152,38667.147843942505
1739239174,100,,Aggregated,28.300000,0.000000,1200,2100,2400,2600,3100,3400,3900,4500,5900,6300,6300,2992,0,1200.0,1318.7021361732993,4.659833008190617,6285.512125003152,38434.970254010695
1739239175,100,,Aggregated,28.300000,0.000000,1300,2100,2400,2600,3100,3400,3900,4500,5800,6300,6300,3011,0,1300.0,1326.4200572256925,4.659833008190617,6285.512125003152,38445.58087014281
1739239176,100,,Aggregated,30.000000,0.000000,1200,2100,2400,2600,3100,3400,3900,4500,5800,6300,6300,3041,0,1200.0,1318.4945666773012,4.659833008190617,6285.512125003152,38444.63992107859
1739239177,100,,Aggregated,26.500000,0.000000,1200,2100,2400,2600,3100,3400,3900,4500,5800,6300,6300,3046,0,1200.0,1319.1172393488775,4.659833008190617,6285.512125003152,38503.51969796454
1739239179,100,,Aggregated,26.000000,0.000000,1300,2100,2400,2600,3100,3400,3900,4400,5800,6300,6300,3131,0,1300.0,1329.6098572371975,4.659833008190617,6285.512125003152,38620.35579687001
1739239180,100,,Aggregated,24.900000,0.000000,1300,2100,2400,2600,3100,3400,3900,4400,5800,6300,6300,3152,0,1300.0,1320.8620346509065,4.659833008190617,6285.512125003152,38562.994606598986
1739239181,100,,Aggregated,25.400000,0.000000,1200,2000,2400,2600,3000,3400,3900,4400,5800,6300,6300,3202,0,1200.0,1300.4633346242392,4.659833008190617,6285.512125003152,38504.328232354776
1739239182,100,,Aggregated,33.500000,0.000000,1200,2000,2400,2600,3000,3400,3900,4400,5800,6300,6300,3213,0,1200.0,1296.0742207077108,4.659833008190617,6285.512125003152,38550.76190476191
1739239183,100,,Aggregated,33.500000,0.000000,1200,2000,2400,2600,3000,3400,3900,4400,5800,6300,6300,3213,0,1200.0,1296.0742207077108,4.659833008190617,6285.512125003152,38550.76190476191
1739239184,100,,Aggregated,33.500000,0.000000,1200,2000,2400,2600,3000,3400,3900,4400,5800,6300,6300,3213,0,1200.0,1296.0742207077108,4.659833008190617,6285.512125003152,38550.76190476191
1739239185,100,,Aggregated,33.500000,0.000000,1200,2000,2400,2600,3000,3400,3900,4400,5800,6300,6300,3213,0,1200.0,1296.0742207077108,4.659833008190617,6285.512125003152,38550.76190476191
1739239186,100,,Aggregated,28.500000,0.000000,1200,2000,2400,2600,3100,3400,4200,4600,5800,6300,6300,3233,0,1200.0,1316.3598782891681,4.659833008190617,6285.512125003152,38606.63903495206
1739239187,100,,Aggregated,28.500000,0.000000,1300,2100,2500,2600,3200,3600,4400,4600,5800,6300,6300,3313,0,1300.0,1375.6663740222943,4.659833008190617,6285.512125003152,38591.43042559614
1739239188,100,,Aggregated,22.000000,0.000000,1300,2100,2500,2600,3200,3600,4400,4600,5800,6300,6300,3353,0,1300.0,1359.4334595424398,4.659833008190617,6285.512125003152,38567.45779898598
1739239189,100,,Aggregated,27.200000,0.000000,1200,2100,2400,2600,3200,3600,4400,4600,5800,6300,6300,3416,0,1200.0,1334.6253540716627,4.659833008190617,6285.512125003152,38523.021077283374
1739239190,100,,Aggregated,27.200000,0.000000,1200,2100,2400,2600,3200,3600,4400,4600,5800,6300,6300,3448,0,1200.0,1322.3727775315674,4.659833008190617,6285.512125003152,38533.57395591647
1739239191,100,,Aggregated,27.200000,0.000000,1200,2100,2400,2600,3200,3600,4400,4600,5800,6300,6300,3448,0,1200.0,1322.3727775315674,4.659833008190617,6285.512125003152,38533.57395591647
1739239192,100,,Aggregated,27.200000,0.000000,1200,2100,2400,2600,3200,3600,4400,4600,5800,6300,6300,3448,0,1200.0,1322.3727775315674,4.659833008190617,6285.512125003152,38533.57395591647
1739239193,100,,Aggregated,29.600000,0.000000,1200,2100,2400,2600,3200,3600,4400,4600,5800,6300,6300,3548,0,1200.0,1338.985250100525,4.659833008190617,6285.512125003152,38837.71082299887
1739239194,100,,Aggregated,24.600000,0.000000,1200,2100,2400,2600,3200,3600,4400,4600,5800,6300,6300,3565,0,1200.0,1332.6929465238961,4.659833008190617,6285.512125003152,38781.30378681627
1739239195,100,,Aggregated,33.500000,0.000000,1200,2000,2400,2600,3200,3600,4400,4600,5800,6300,6300,3618,0,1200.0,1313.4560154847081,4.659833008190617,6285.512125003152,38888.98756218905
1739239196,100,,Aggregated,33.500000,0.000000,1100,2000,2400,2600,3100,3600,4400,4600,5800,6300,6300,3669,0,1100.0,1295.397693951111,4.659833008190617,6285.512125003152,38843.96811120196
1739239197,100,,Aggregated,35.200000,0.000000,1000,2000,2400,2600,3100,3500,4300,4600,5800,6300,6300,3707,0,1000.0,1282.2944144469068,4.659833008190617,6285.512125003152,38978.965200971135
1739239198,100,,Aggregated,35.200000,0.000000,1000,2000,2400,2600,3100,3500,4300,4600,5800,6300,6300,3707,0,1000.0,1282.2944144469068,4.659833008190617,6285.512125003152,38978.965200971135
1739239199,100,,Aggregated,43.800000,0.000000,1000,2000,2400,2600,3100,3500,4300,4600,5800,6300,6300,3708,0,1000.0,1282.3563994799558,4.659833008190617,6285.512125003152,38972.95873786408
1739239200,100,,Aggregated,39.400000,0.000000,1100,2000,2400,2600,3100,3500,4300,4600,5800,6300,6300,3808,0,1100.0,1294.3749855185602,4.659833008190617,6285.512125003152,38939.51706932773
1739239201,100,,Aggregated,29.700000,0.000000,1100,2000,2400,2600,3100,3500,4300,4600,5800,6300,6300,3827,0,1100.0,1288.0464919048065,4.659833008190617,6285.512125003152,38971.377319048865
1739239202,100,,Aggregated,29.700000,0.000000,1100,2000,2400,2600,3100,3500,4300,4600,5800,6300,6300,3857,0,1100.0,1278.1460071782851,4.659833008190617,6285.512125003152,38988.02955665025
1739239203,100,,Aggregated,29.700000,0.000000,1100,2000,2400,2600,3100,3500,4300,4600,5800,6300,6300,3857,0,1100.0,1278.1460071782851,4.659833008190617,6285.512125003152,38988.02955665025
1739239204,100,,Aggregated,29.700000,0.000000,1100,2000,2400,2600,3100,3500,4300,4600,5800,6300,6300,3857,0,1100.0,1278.1460071782851,4.659833008190617,6285.512125003152,38988.02955665025
1739239205,100,,Aggregated,30.900000,0.000000,1100,2000,2400,2600,3100,3500,4300,4600,5800,6300,6300,3910,0,1100.0,1299.473579564871,4.659833008190617,6285.512125003152,38994.96368286445
1739239206,100,,Aggregated,29.200000,0.000000,1200,2000,2400,2600,3100,3500,4300,4600,5800,6300,6300,3961,0,1200.0,1309.178914744413,4.659833008190617,6285.512125003152,39049.91921232012
1739239207,100,,Aggregated,29.200000,0.000000,1200,2000,2400,2600,3100,3500,4300,4600,5800,6300,6300,3970,0,1200.0,1306.2639633528015,4.659833008190617,6285.512125003152,39081.24937027708
1739239208,100,,Aggregated,25.300000,0.000000,1200,2000,2400,2600,3100,3500,4300,4600,5800,6300,6300,3971,0,1200.0,1306.2444837493415,4.659833008190617,6285.512125003152,39075.61495844875
1739239209,100,,Aggregated,25.300000,0.000000,1200,2000,2400,2600,3100,3500,4300,4600,5800,6300,6300,3971,0,1200.0,1306.2444837493415,4.659833008190617,6285.512125003152,39075.61495844875
1739239210,100,,Aggregated,26.300000,0.000000,1200,2100,2400,2600,3100,3500,4300,4600,5800,6300,6300,4034,0,1200.0,1327.9067569335239,4.659833008190617,6285.512125003152,39029.46975706495
1739239211,100,,Aggregated,26.300000,0.000000,1200,2100,2400,2600,3100,3500,4300,4600,5800,6300,6300,4034,0,1200.0,1327.9067569335239,4.659833008190617,6285.512125003152,39029.46975706495
1739239212,100,,Aggregated,26.300000,0.000000,1300,2100,2400,2600,3200,3500,4300,4600,5800,6300,6300,4062,0,1300.0,1344.5243770132279,4.659833008190617,6285.512125003152,39114.740029542096
1739239213,100,,Aggregated,21.700000,0.000000,1200,2100,2400,2600,3200,3600,4400,4600,5800,6300,6300,4148,0,1200.0,1339.077720290688,4.659833008190617,6285.512125003152,39151.975891996146
1739239214,100,,Aggregated,20.500000,0.000000,1200,2100,2400,2600,3200,3600,4400,4600,5800,6300,6300,4173,0,1200.0,1331.150492425298,4.659833008190617,6285.512125003152,39071.486700215675
1739239215,100,,Aggregated,20.500000,0.000000,1200,2100,2400,2600,3200,3600,4400,4600,5800,6300,6300,4182,0,1200.0,1328.3221685138087,4.659833008190617,6285.512125003152,39067.86370157819
1739239216,100,,Aggregated,20.500000,0.000000,1200,2100,2400,2600,3200,3600,4400,4600,5800,6300,6300,4182,0,1200.0,1328.3221685138087,4.659833008190617,6285.512125003152,39067.86370157819
1739239217,100,,Aggregated,31.400000,0.000000,1200,2100,2400,2600,3200,3600,4400,4600,5800,6300,6300,4198,0,1200.0,1332.7014726002196,4.659833008190617,6285.512125003152,39223.34063839924
1739239218,100,,Aggregated,22.500000,0.000000,1300,2100,2400,2600,3200,3500,4300,4600,5800,6300,6300,4283,0,1300.0,1342.9312306254108,4.659833008190617,6285.512125003152,39293.37310296521
1739239219,100,,Aggregated,21.300000,0.000000,1200,2100,2400,2600,3100,3500,4300,4600,5800,6300,6300,4324,0,1200.0,1330.3714660859182,4.659833008190617,6285.512125003152,39279.9907493062
1739239220,100,,Aggregated,31.100000,0.000000,1200,2000,2400,2600,3100,3500,4300,4600,5800,6300,6300,4384,0,1200.0,1312.371780038661,4.659833008190617,6285.512125003152,39306.66925182482
1739239221,100,,Aggregated,34.000000,0.000000,1100,2000,2400,2600,3100,3500,4300,4600,5800,6300,6300,4425,0,1100.0,1300.3561196001444,4.659833008190617,6285.512125003152,39295.05559322034
1739239222,100,,Aggregated,34.500000,0.000000,1100,2000,2400,2600,3100,3500,4300,4600,5800,6300,6300,4476,0,1100.0,1285.7282341422385,4.659833008190617,6285.512125003152,39278.90750670241
1739239223,100,,Aggregated,34.500000,0.000000,1100,2000,2400,2600,3100,3500,4300,4600,5800,6300,6300,4476,0,1100.0,1285.7282341422385,4.659833008190617,6285.512125003152,39278.90750670241
1739239224,100,,Aggregated,38.000000,0.000000,1100,2000,2400,2600,3100,3500,4300,4600,5800,6300,6300,4479,0,1100.0,1285.8875817936319,4.659833008190617,6285.512125003152,39311.758874748826
1739239225,100,,Aggregated,33.100000,0.000000,1100,2000,2400,2600,3100,3500,4300,4600,5800,6300,6300,4575,0,1100.0,1292.3844374265668,4.659833008190617,6285.512125003152,39220.2531147541
1739239226,100,,Aggregated,30.900000,0.000000,1100,2000,2400,2600,3100,3500,4300,4600,5800,6300,6300,4603,0,1100.0,1285.1812145193437,4.659833008190617,6285.512125003152,39208.46643493374
1739239227,100,,Aggregated,38.300000,0.000000,1100,2000,2400,2600,3100,3500,4300,4600,5800,6300,6300,4649,0,1100.0,1272.5943959583994,4.659833008190617,6285.512125003152,39100.33577113358
1739239228,100,,Aggregated,38.300000,0.000000,1000,2000,2400,2600,3100,3500,4300,4600,5800,6300,6300,4665,0,1000.0,1268.2923970657268,4.659833008190617,6285.512125003152,39141.72347266881
1739239229,100,,Aggregated,38.300000,0.000000,1000,2000,2400,2600,3100,3500,4300,4600,5800,6300,6300,4665,0,1000.0,1268.2923970657268,4.659833008190617,6285.512125003152,39141.72347266881
1739239230,100,,Aggregated,45.600000,0.000000,1000,2000,2400,2600,3100,3500,4300,4600,5800,6300,6300,4666,0,1000.0,1268.5227621042873,4.659833008190617,6285.512125003152,39152.09729961423
1739239231,100,,Aggregated,38.300000,0.000000,1100,2000,2400,2600,3100,3500,4300,4600,5800,6300,6300,4765,0,1100.0,1286.9653905155487,4.659833008190617,6285.512125003152,39133.68730325289
1739239232,100,,Aggregated,28.700000,0.000000,1100,2000,2400,2600,3100,3500,4300,4600,5800,6300,6300,4780,0,1100.0,1282.993780842997,4.659833008190617,6285.512125003152,39123.921338912136
1739239233,100,,Aggregated,28.700000,0.000000,1100,2000,2400,2600,3100,3500,4300,4600,5800,6300,6300,4780,0,1100.0,1282.993780842997,4.659833008190617,6285.512125003152,39123.921338912136
1739239234,100,,Aggregated,35.100000,0.000000,1100,2000,2400,2600,3100,3500,4300,4600,5800,6300,6300,4781,0,1100.0,1283.0710542103147,4.659833008190617,6285.512125003152,39134.04936205815
1739239235,100,,Aggregated,30.400000,0.000000,1100,2000,2400,2600,3100,3500,4300,4600,5800,6300,6300,4792,0,1100.0,1286.3763005378723,4.659833008190617,6285.512125003152,39172.24144407346
1739239236,100,,Aggregated,30.400000,0.000000,1200,2000,2400,2600,3100,3500,4200,4600,5800,6300,6300,4870,0,1200.0,1302.5895821033796,4.659833008190617,6285.512125003152,39031.26160164271
1739239237,100,,Aggregated,30.200000,0.000000,1200,2000,2400,2600,3100,3500,4200,4600,5800,6300,6300,4880,0,1200.0,1307.0239507363592,4.659833008190617,6285.512125003152,39096.23729508197
1739239238,100,,Aggregated,21.600000,0.000000,1200,2000,2400,2600,3100,3500,4200,4600,5800,6300,6300,4929,0,1200.0,1302.2951093131592,4.659833008190617,6285.512125003152,38993.943396226416
1739239239,100,,Aggregated,24.100000,0.000000,1200,2000,2400,2600,3100,3500,4200,4600,5800,6300,6300,4930,0,1200.0,1302.4683538143113,4.659833008190617,6285.512125003152,38986.03448275862
1739239240,100,,Aggregated,26.400000,0.000000,1200,2000,2400,2600,3100,3500,4200,4600,5800,6300,6300,4958,0,1200.0,1305.518551038828,4.659833008190617,6285.512125003152,38985.10588947156
1739239241,100,,Aggregated,26.400000,0.000000,1200,2000,2400,2600,3100,3400,4200,4600,5800,6300,6300,5037,0,1200.0,1300.521899867278,4.659833008190617,6285.512125003152,39039.653960690885
1739239242,100,,Aggregated,27.800000,0.000000,1100,2000,2400,2600,3100,3400,4200,4600,5800,6300,6300,5084,0,1100.0,1288.6633489884955,4.659833008190617,6285.512125003152,39076.39201416208
1739239243,100,,Aggregated,27.800000,0.000000,1100,2000,2400,2600,3100,3400,4200,4600,5800,6300,6300,5115,0,1100.0,1280.9369499035226,4.659833008190617,6285.512125003152,39039.932551319645
1739239244,100,,Aggregated,27.800000,0.000000,1100,2000,2400,2600,3100,3400,4200,4600,5800,6300,6300,5115,0,1100.0,1280.9369499035226,4.659833008190617,6285.512125003152,39039.932551319645
1739239245,100,,Aggregated,28.700000,0.000000,1100,2000,2400,2600,3100,3400,4200,4600,5800,6300,6300,5116,0,1100.0,1280.9718638353283,4.659833008190617,6285.512125003152,39049.87118842846
1739239246,100,,Aggregated,28.700000,0.000000,1100,2000,2400,2600,3100,3400,4200,4600,5800,6300,6300,5116,0,1100.0,1280.9718638353283,4.659833008190617,6285.512125003152,39049.87118842846
1739239247,100,,Aggregated,33.400000,0.000000,1200,2000,2400,2600,3100,3400,4200,4600,5800,6300,6300,5216,0,1200.0,1304.92488906029,4.659833008190617,6285.512125003152,39177.59988496933
1739239248,100,,Aggregated,24.600000,0.000000,1200,2000,2400,2600,3100,3400,4200,4600,5800,6300,6300,5254,0,1200.0,1295.6230361949795,4.659833008190617,6285.512125003152,39261.02226874762
1739239249,100,,Aggregated,33.600000,0.000000,1100,2000,2400,2600,3100,3400,4200,4600,5800,6300,6300,5311,0,1100.0,1281.8991472570797,4.659833008190617,6285.512125003152,39368.16117491998
1739239250,100,,Aggregated,33.600000,0.000000,1100,2000,2400,2600,3100,3400,4200,4600,5800,6300,6300,5311,0,1100.0,1281.8991472570797,4.659833008190617,6285.512125003152,39368.16117491998
1739239251,100,,Aggregated,33.600000,0.000000,1100,2000,2400,2600,3100,3400,4200,4600,5800,6300,6300,5311,0,1100.0,1281.8991472570797,4.659833008190617,6285.512125003152,39368.16117491998
1739239252,100,,Aggregated,36.700000,0.000000,1100,2000,2400,2600,3100,3400,4200,4600,5800,6300,6300,5319,0,1100.0,1284.1964358586854,4.659833008190617,6285.512125003152,39308.95431472081
1739239253,100,,Aggregated,36.700000,0.000000,1200,2000,2400,2600,3100,3400,4100,4600,5800,6300,6300,5411,0,1200.0,1296.503869540584,4.659833008190617,6285.512125003152,39318.489558307156
1739239254,100,,Aggregated,24.600000,0.000000,1100,2000,2400,2600,3100,3400,4100,4600,5800,6300,6300,5448,0,1100.0,1287.8583491116067,4.659833008190617,6285.512125003152,39341.208700440526
1739239255,100,,Aggregated,29.600000,0.000000,1100,2000,2400,2600,3100,3400,4100,4500,5800,6300,6300,5511,0,1100.0,1273.3124697269361,4.659833008190617,6285.512125003152,39327.80185084377
1739239256,100,,Aggregated,32.300000,0.000000,1100,2000,2400,2500,3100,3400,4100,4500,5800,6300,6300,5551,0,1100.0,1264.2324673779785,4.659833008190617,6285.512125003152,39255.70473788507
1739239257,100,,Aggregated,32.300000,0.000000,1100,2000,2400,2500,3000,3400,4100,4500,5800,6300,6300,5575,0,1100.0,1258.8576552319494,4.659833008190617,6285.512125003152,39305.36394618834
1739239258,100,,Aggregated,32.300000,0.000000,1100,2000,2400,2500,3000,3400,4100,4500,5800,6300,6300,5575,0,1100.0,1258.8576552319494,4.659833008190617,6285.512125003152,39305.36394618834
1739239259,100,,Aggregated,35.900000,0.000000,1100,2000,2400,2500,3000,3400,4100,4500,5800,6300,6300,5611,0,1100.0,1263.4854550141047,4.659833008190617,6285.512125003152,39257.51292104794
1739239260,100,,Aggregated,35.900000,0.000000,1100,2000,2300,2500,3000,3400,4100,4500,5800,6300,6300,5675,0,1100.0,1263.6703883783648,4.659833008190617,6285.512125003152,39249.866960352425
1739239261,100,,Aggregated,27.200000,0.000000,1100,1900,2300,2500,3000,3400,4100,4500,5800,6300,6300,5706,0,1100.0,1256.8993330347346,4.659833008190617,6285.512125003152,39227.1309148265
1739239262,100,,Aggregated,27.200000,0.000000,1100,1900,2300,2500,3000,3400,4100,4500,5800,6300,6300,5706,0,1100.0,1256.8993330347346,4.659833008190617,6285.512125003152,39227.1309148265
1739239263,100,,Aggregated,39.200000,0.000000,1100,2000,2300,2500,3000,3400,4100,4500,5800,6300,6300,5737,0,1100.0,1259.6625934365159,4.659833008190617,6285.512125003152,39183.965835802686
1739239264,100,,Aggregated,39.500000,0.000000,1100,1900,2300,2500,3000,3400,4100,4500,5800,6300,6300,5807,0,1100.0,1258.5755942262876,4.659833008190617,6285.512125003152,39196.26106423282
1739239265,100,,Aggregated,29.700000,0.000000,1100,1900,2300,2500,3000,3400,4000,4500,5800,6300,6300,5856,0,1100.0,1248.5141970275251,4.659833008190617,6285.512125003152,39245.92008196721
1739239266,100,,Aggregated,36.800000,0.000000,1000,1900,2300,2500,3000,3400,4000,4500,5800,6300,6300,5914,0,1000.0,1236.4202840154103,4.659833008190617,6285.512125003152,39272.873182279334
1739239267,100,,Aggregated,36.800000,0.000000,1000,1900,2300,2500,3000,3400,4000,4500,5800,6300,6300,5915,0,1000.0,1236.212523070014,4.659833008190617,6285.512125003152,39266.23415046492
1739239268,100,,Aggregated,34.200000,0.000000,1000,1900,2300,2500,3000,3400,4000,4500,5800,6300,6300,5916,0,1000.0,1236.2035574149972,4.659833008190617,6285.512125003152,39262.42089249493
1739239269,100,,Aggregated,34.000000,0.000000,1000,1900,2300,2500,3000,3400,4000,4500,5800,6300,6300,6015,0,1000.0,1235.2939858901357,4.659833008190617,6285.512125003152,39316.629426433916
1739239270,100,,Aggregated,34.000000,0.000000,1000,1900,2300,2500,3000,3400,4000,4500,5800,6300,6300,6015,0,1000.0,1235.2939858901357,4.659833008190617,6285.512125003152,39316.629426433916
1739239271,100,,Aggregated,34.000000,0.000000,1000,1900,2300,2500,3000,3400,4000,4500,5800,6300,6300,6015,0,1000.0,1235.2939858901357,4.659833008190617,6285.512125003152,39316.629426433916
1739239272,100,,Aggregated,34.000000,0.000000,1100,1900,2300,2500,3000,3400,4000,4500,5800,6300,6300,6033,0,1100.0,1238.7809219511257,4.659833008190617,6285.512125003152,39244.967677772256
1739239273,100,,Aggregated,34.000000,0.000000,1100,1900,2300,2500,3000,3400,4000,4500,5800,6300,6300,6101,0,1100.0,1244.222681896937,4.659833008190617,6285.512125003152,39277.431896410424
1739239274,100,,Aggregated,30.900000,0.000000,1100,1900,2300,2500,3000,3400,4000,4500,5800,6300,6300,6153,0,1100.0,1241.0124088251603,4.659833008190617,6285.512125003152,39288.336421257925
1739239275,100,,Aggregated,39.300000,0.000000,1000,1900,2300,2500,3000,3400,4000,4500,5800,6300,6300,6203,0,1000.0,1231.3316691456062,4.659833008190617,6285.512125003152,39305.53570852813
1739239276,100,,Aggregated,39.300000,0.000000,1000,1900,2300,2500,3000,3400,4000,4500,5800,6300,6300,6204,0,1000.0,1231.1440068842994,4.659833008190617,6285.512125003152,39301.89313346228
1739239277,100,,Aggregated,35.100000,0.000000,1000,1900,2300,2500,3000,3400,4000,4500,5800,6300,6300,6206,0,1000.0,1231.385885541125,4.659833008190617,6285.512125003152,39303.3345149855
1739239278,100,,Aggregated,31.300000,0.000000,1100,1900,2300,2500,3000,3400,4000,4500,5800,6300,6300,6304,0,1100.0,1236.9409535022544,4.659833008190617,6285.512125003152,39271.019352791875
1739239279,100,,Aggregated,28.900000,0.000000,1100,1900,2300,2500,3000,3400,4000,4500,5800,6300,6300,6320,0,1100.0,1233.8633466250355,4.659833008190617,6285.512125003152,39274.22515822785
1739239280,100,,Aggregated,31.500000,0.000000,1000,1900,2300,2400,2900,3400,4000,4500,5800,6300,6300,6372,0,1000.0,1223.9231527714055,4.659833008190617,6285.512125003152,39284.36299435028
1739239281,100,,Aggregated,31.500000,0.000000,1000,1900,2300,2400,2900,3400,4000,4500,5800,6300,6300,6372,0,1000.0,1223.9231527714055,4.659833008190617,6285.512125003152,39284.36299435028
1739239282,100,,Aggregated,34.100000,0.000000,1000,1900,2300,2400,2900,3400,4000,4500,5800,6300,6300,6375,0,1000.0,1224.1843756013186,4.659833008190617,6285.512125003152,39308.17552941176
1739239283,100,,Aggregated,35.700000,0.000000,1100,1900,2200,2400,2900,3400,4000,4500,5800,6300,6300,6473,0,1100.0,1226.9824807275522,4.659833008190617,6285.512125003152,39208.38761007261
1739239284,100,,Aggregated,35.700000,0.000000,1000,1900,2200,2400,2900,3400,4000,4500,5800,6300,6300,6504,0,1000.0,1221.2499405940052,4.659833008190617,6285.512125003152,39212.94049815498
1739239285,100,,Aggregated,36.900000,0.000000,1000,1900,2200,2400,2900,3400,3900,4500,5800,6300,6300,6563,0,1000.0,1210.4760405875986,4.659833008190617,6285.512125003152,39335.76184671644
1739239286,100,,Aggregated,36.600000,0.000000,970,1900,2200,2400,2900,3300,3900,4500,5800,6300,6300,6612,0,970.0,1201.6247280507407,4.659833008190617,6285.512125003152,39342.93103448276
1739239287,100,,Aggregated,35.100000,0.000000,940,1800,2200,2400,2900,3300,3900,4500,5800,6300,6300,6643,0,940.0,1196.0914382866877,4.659833008190617,6285.512125003152,39352.54312810477
1739239288,100,,Aggregated,35.100000,0.000000,940,1800,2200,2400,2900,3300,3900,4500,5800,6300,6300,6643,0,940.0,1196.0914382866877,4.659833008190617,6285.512125003152,39352.54312810477
1739239289,100,,Aggregated,43.400000,0.000000,970,1900,2200,2400,2900,3300,3900,4500,5800,6300,6300,6683,0,970.0,1198.9508876747832,4.659833008190617,6285.512125003152,39355.85754900494
1739239290,100,,Aggregated,41.200000,0.000000,970,1800,2200,2400,2900,3300,3900,4500,5800,6300,6300,6746,0,970.0,1198.377715090667,4.659833008190617,6285.512125003152,39382.36125111177
1739239291,100,,Aggregated,33.800000,0.000000,950,1800,2200,2400,2900,3300,3900,4500,5800,6300,6300,6782,0,940.0,1192.112318330388,4.659833008190617,6285.512125003152,39431.54084340902
1739239292,100,,Aggregated,33.800000,0.000000,950,1800,2200,2400,2900,3300,3900,4500,5800,6300,6300,6782,0,940.0,1192.112318330388,4.659833008190617,6285.512125003152,39431.54084340902
1739239293,100,,Aggregated,38.700000,0.000000,950,1800,2200,2400,2900,3300,3900,4500,5800,6300,6300,6785,0,950.0,1192.1981987043007,4.659833008190617,6285.512125003152,39442.7190862196
1739239294,100,,Aggregated,41.000000,0.000000,990,1800,2200,2400,2900,3300,3900,4500,5800,6300,6300,6882,0,990.0,1195.6712308186302,4.659833008190617,6285.512125003152,39435.941586748035
1739239295,100,,Aggregated,31.500000,0.000000,970,1800,2200,2400,2900,3300,3900,4500,5800,6300,6300,6918,0,970.0,1189.5380699609818,4.659833008190617,6285.512125003152,39419.68386816999
1739239296,100,,Aggregated,31.500000,0.000000,950,1800,2200,2400,2900,3300,3900,4500,5800,6300,6300,6940,0,950.0,1185.806020087187,4.659833008190617,6285.512125003152,39383.12636887608
1739239297,100,,Aggregated,36.100000,0.000000,950,1800,2200,2400,2900,3300,3900,4500,5800,6300,6300,6942,0,950.0,1185.848432084284,4.659833008190617,6285.512125003152,39397.33923941227
1739239298,100,,Aggregated,35.100000,0.000000,990,1800,2200,2400,2900,3300,3900,4400,5700,6300,6300,7029,0,990.0,1190.611090883359,4.659833008190617,6285.512125003152,39393.42253521127
1739239299,100,,Aggregated,30.200000,0.000000,980,1800,2200,2400,2900,3300,3900,4400,5700,6300,6300,7049,0,980.0,1187.9973248788638,4.659833008190617,6285.512125003152,39451.21549155909
1739239300,100,,Aggregated,29.900000,0.000000,960,1800,2200,2400,2900,3300,3900,4400,5700,6300,6300,7085,0,960.0,1182.028823004549,4.659833008190617,6285.512125003152,39380.4630910374
1739239301,100,,Aggregated,29.900000,0.000000,960,1800,2200,2400,2900,3300,3900,4400,5700,6300,6300,7085,0,960.0,1182.028823004549,4.659833008190617,6285.512125003152,39380.4630910374
1739239302,100,,Aggregated,32.800000,0.000000,990,1800,2100,2400,2900,3300,3900,4400,5700,6300,6300,7172,0,990.0,1182.777397220182,4.659833008190617,6285.512125003152,39348.0849135527
1739239303,100,,Aggregated,31.600000,0.000000,980,1800,2100,2400,2900,3300,3900,4400,5700,6300,6300,7190,0,980.0,1180.4499218343685,4.659833008190617,6285.512125003152,39359.25771905424
1739239304,100,,Aggregated,31.600000,0.000000,970,1800,2100,2400,2900,3300,3900,4400,5700,6300,6300,7210,0,970.0,1177.2179977040378,4.659833008190617,6285.512125003152,39366.96282940361
1739239305,100,,Aggregated,39.700000,0.000000,970,1800,2100,2400,2900,3300,3900,4400,5700,6300,6300,7212,0,970.0,1177.1896252351835,4.659833008190617,6285.512125003152,39358.36272878536
1739239306,100,,Aggregated,32.900000,0.000000,980,1800,2100,2300,2900,3300,3900,4400,5700,6300,6300,7307,0,980.0,1176.4296096132832,4.659833008190617,6285.512125003152,39310.64595593267
1739239307,100,,Aggregated,31.400000,0.000000,970,1800,2100,2300,2800,3300,3900,4400,5700,6300,6300,7339,0,970.0,1171.3752691879265,4.659833008190617,6285.512125003152,39266.73184357542
1739239308,100,,Aggregated,28.000000,0.000000,940,1800,2100,2300,2800,3300,3800,4400,5700,6300,6300,7381,0,940.0,1164.7835409591157,4.659833008190617,6285.512125003152,39165.21907600596
1739239309,100,,Aggregated,37.100000,0.000000,920,1800,2100,2300,2800,3300,3800,4400,5700,6300,6300,7414,0,920.0,1159.6628234682162,4.659833008190617,6285.512125003152,39175.50242783922
1739239310,100,,Aggregated,37.100000,0.000000,920,1800,2100,2300,2800,3300,3800,4400,5700,6300,6300,7416,0,920.0,1159.5904426557956,4.659833008190617,6285.512125003152,39177.05825242718
1739239311,100,,Aggregated,36.600000,0.000000,910,1700,2100,2300,2800,3300,3800,4400,5700,6300,6300,7513,0,910.0,1153.6176845224827,4.659833008190617,6285.512125003152,39124.20191667776
1739239312,100,,Aggregated,34.500000,0.000000,900,1700,2100,2300,2800,3300,3800,4400,5700,6300,6300,7538,0,890.0,1149.848104723053,4.659833008190617,6285.512125003152,39116.88538073759
1739239313,100,,Aggregated,40.900000,0.000000,870,1700,2100,2300,2800,3300,3800,4400,5700,6300,6300,7595,0,870.0,1141.3230835292302,4.659833008190617,6285.512125003152,39113.51968400263
1739239314,100,,Aggregated,40.900000,0.000000,870,1700,2100,2300,2800,3300,3800,4400,5700,6300,6300,7613,0,870.0,1138.6624487758486,4.659833008190617,6285.512125003152,39121.46748982005
1739239315,100,,Aggregated,40.900000,0.000000,870,1700,2100,2300,2800,3300,3800,4400,5700,6300,6300,7613,0,870.0,1138.6624487758486,4.659833008190617,6285.512125003152,39121.46748982005
1739239316,100,,Aggregated,40.300000,0.000000,880,1700,2100,2300,2800,3300,3800,4400,5700,6300,6300,7710,0,880.0,1138.4778301968308,4.659833008190617,6285.512125003152,39166.61322957199
1739239317,100,,Aggregated,40.300000,0.000000,880,1700,2100,2300,2800,3300,3800,4400,5700,6300,6300,7711,0,880.0,1138.3313955259437,4.659833008190617,6285.512125003152,39161.534301647
1739239318,100,,Aggregated,41.900000,0.000000,850,1700,2100,2300,2800,3300,3800,4400,5700,6300,6300,7772,0,850.0,1131.5195352844248,4.659833008190617,6285.512125003152,39146.66224909933
1739239319,100,,Aggregated,40.000000,0.000000,850,1700,2100,2300,2800,3300,3800,4400,5700,6300,6300,7773,0,850.0,1131.4952198611293,4.659833008190617,6285.512125003152,39153.1898880741
1739239320,100,,Aggregated,40.000000,0.000000,850,1700,2100,2300,2800,3300,3800,4400,5700,6300,6300,7773,0,850.0,1131.4952198611293,4.659833008190617,6285.512125003152,39153.1898880741
1739239321,100,,Aggregated,36.400000,0.000000,870,1700,2100,2300,2800,3300,3800,4400,5700,6300,6300,7822,0,870.0,1137.535000051082,4.659833008190617,6285.512125003152,39126.51892099207
1739239322,100,,Aggregated,35.700000,0.000000,890,1700,2100,2300,2800,3300,3800,4400,5700,6300,6300,7860,0,890.0,1143.739535907061,4.659833008190617,6285.512125003152,39175.856106870226
1739239323,100,,Aggregated,29.900000,0.000000,880,1700,2100,2300,2800,3300,3800,4400,5700,6300,6300,7918,0,880.0,1141.005361079382,4.659833008190617,6285.512125003152,39133.283657489264
1739239324,100,,Aggregated,30.300000,0.000000,870,1700,2100,2300,2800,3300,3800,4400,5700,6300,6300,7954,0,870.0,1135.9221766915462,4.659833008190617,6285.512125003152,39155.84347498114
1739239325,100,,Aggregated,30.300000,0.000000,870,1700,2100,2300,2800,3300,3800,4400,5700,6300,6300,7954,0,870.0,1135.9221766915462,4.659833008190617,6285.512125003152,39155.84347498114
1739239326,100,,Aggregated,31.900000,0.000000,860,1700,2100,2300,2800,3300,3800,4400,5500,6300,6300,8048,0,860.0,1132.2924122336694,4.659833008190617,6285.512125003152,39057.49801192843
1739239327,100,,Aggregated,34.100000,0.000000,850,1700,2100,2300,2800,3300,3800,4400,5500,6300,6300,8072,0,850.0,1128.989259610466,4.659833008190617,6285.512125003152,39050.493434093165
1739239328,100,,Aggregated,31.700000,0.000000,840,1700,2100,2300,2800,3300,3800,4400,5500,6300,6300,8126,0,830.0,1121.5849497228326,4.659833008190617,6285.512125003152,39049.97624907704
1739239329,100,,Aggregated,34.100000,0.000000,820,1700,2000,2300,2800,3300,3800,4400,5500,6300,6300,8175,0,820.0,1114.9510090455904,4.659833008190617,6285.512125003152,39053.11486238532
1739239330,100,,Aggregated,34.100000,0.000000,820,1700,2000,2300,2800,3300,3800,4400,5500,6300,6300,8175,0,820.0,1114.9510090455904,4.659833008190617,6285.512125003152,39053.11486238532
1739239331,100,,Aggregated,37.600000,0.000000,810,1700,2000,2300,2800,3200,3800,4400,5500,6300,6300,8267,0,810.0,1110.5862198842335,4.659833008190617,6285.512125003152,39066.44780452401
1739239332,100,,Aggregated,40.200000,0.000000,790,1600,2000,2300,2800,3200,3800,4400,5500,6300,6300,8302,0,790.0,1105.9785482755974,4.659833008190617,6285.512125003152,39056.350277041674
1739239333,100,,Aggregated,38.200000,0.000000,770,1600,2000,2200,2800,3200,3800,4400,5500,6300,6300,8332,0,770.0,1102.0464536517163,4.659833008190617,6285.512125003152,39032.513202112335
1739239334,100,,Aggregated,38.200000,0.000000,770,1600,2000,2200,2800,3200,3800,4400,5500,6300,6300,8332,0,770.0,1102.0464536517163,4.659833008190617,6285.512125003152,39032.513202112335
1739239335,100,,Aggregated,42.500000,0.000000,800,1600,2000,2200,2800,3200,3700,4300,5500,6300,6300,8428,0,800.0,1101.9420243031668,4.659833008190617,6285.512125003152,39025.66623160892
1739239336,100,,Aggregated,40.000000,0.000000,790,1600,2000,2200,2800,3200,3700,4300,5500,6300,6300,8443,0,790.0,1100.0152037626513,4.659833008190617,6285.512125003152,39021.637095819024
1739239337,100,,Aggregated,40.000000,0.000000,790,1600,2000,2200,2800,3200,3700,4300,5500,6300,6300,8443,0,790.0,1100.0152037626513,4.659833008190617,6285.512125003152,39021.637095819024
1739239338,100,,Aggregated,47.500000,0.000000,820,1600,2000,2200,2800,3200,3700,4300,5500,6300,6300,8507,0,820.0,1101.9640652243136,4.659833008190617,6285.512125003152,39006.60691195486
1739239339,100,,Aggregated,39.100000,0.000000,820,1600,2000,2200,2800,3200,3700,4300,5500,6300,6300,8538,0,820.0,1102.2260363996554,4.659833008190617,6285.512125003152,39001.14054813774
1739239340,100,,Aggregated,35.500000,0.000000,800,1600,2000,2200,2700,3200,3700,4300,5500,6300,6300,8590,0,800.0,1096.1845540002873,4.659833008190617,6285.512125003152,39011.63713620489
1739239341,100,,Aggregated,36.600000,0.000000,790,1600,2000,2200,2700,3200,3700,4300,5500,6300,6300,8615,0,790.0,1093.0373322438238,4.659833008190617,6285.512125003152,38977.596633778296
1739239342,100,,Aggregated,37.900000,0.000000,790,1600,2000,2200,2700,3200,3700,4300,5500,6300,6300,8616,0,790.0,1093.0908375345343,4.659833008190617,6285.512125003152,38983.233635097495
1739239343,100,,Aggregated,43.300000,0.000000,800,1600,2000,2200,2700,3200,3700,4300,5500,6300,6300,8714,0,800.0,1091.9720275367747,4.659833008190617,6285.512125003152,39097.04796878586
1739239344,100,,Aggregated,34.500000,0.000000,790,1600,2000,2200,2700,3200,3700,4300,5500,6300,6300,8732,0,790.0,1089.7607279689055,4.659833008190617,6285.512125003152,39113.76878149336
1739239345,100,,Aggregated,34.500000,0.000000,790,1600,2000,2200,2700,3200,3700,4300,5500,6300,6300,8732,0,790.0,1089.7607279689055,4.659833008190617,6285.512125003152,39113.76878149336
1739239346,100,,Aggregated,38.300000,0.000000,790,1600,2000,2200,2700,3200,3700,4300,5500,6300,6300,8741,0,790.0,1090.5310728559018,4.659833008190617,6285.512125003152,39132.02230866034
1739239347,100,,Aggregated,39.800000,0.000000,830,1600,2000,2200,2700,3200,3700,4300,5500,6300,6300,8832,0,830.0,1093.1897682101937,4.659833008190617,6285.512125003152,39086.40794836957
1739239348,100,,Aggregated,30.100000,0.000000,820,1600,2000,2200,2700,3200,3700,4300,5500,6300,6300,8858,0,820.0,1090.0287769618867,4.659833008190617,6285.512125003152,39067.35064348611
1739239349,100,,Aggregated,30.100000,0.000000,820,1600,2000,2200,2700,3200,3700,4300,5500,6300,6300,8858,0,820.0,1090.0287769618867,4.659833008190617,6285.512125003152,39067.35064348611
1739239350,100,,Aggregated,39.500000,0.000000,830,1600,2000,2200,2700,3200,3700,4300,5500,6300,6300,8953,0,830.0,1091.0872976416101,4.659833008190617,6285.512125003152,39121.58795934324
1739239351,100,,Aggregated,34.400000,0.000000,820,1600,2000,2200,2700,3200,3700,4300,5500,6300,6300,8979,0,820.0,1087.983236500206,4.659833008190617,6285.512125003152,39131.74741062479
1739239352,100,,Aggregated,30.400000,0.000000,810,1600,2000,2200,2700,3200,3700,4300,5400,6300,6300,9028,0,810.0,1082.1644110081354,4.659833008190617,6285.512125003152,39190.44051838724
1739239353,100,,Aggregated,34.800000,0.000000,790,1600,2000,2200,2700,3200,3700,4300,5400,6300,6300,9058,0,790.0,1078.6277134023603,4.659833008190617,6285.512125003152,39195.4782512696
1739239354,100,,Aggregated,34.800000,0.000000,790,1600,2000,2200,2700,3200,3700,4300,5400,6300,6300,9058,0,790.0,1078.6277134023603,4.659833008190617,6285.512125003152,39195.4782512696
1739239355,100,,Aggregated,42.100000,0.000000,810,1600,1900,2200,2700,3200,3700,4300,5400,6300,6300,9144,0,810.0,1080.5204307241602,4.659833008190617,6285.512125003152,39192.753937007874
1739239356,100,,Aggregated,34.300000,0.000000,810,1600,1900,2200,2700,3200,3700,4300,5400,6300,6300,9158,0,810.0,1080.1477362958772,4.659833008190617,6285.512125003152,39182.974776152
1739239357,100,,Aggregated,34.300000,0.000000,810,1600,1900,2200,2700,3200,3700,4300,5400,6300,6300,9158,0,810.0,1080.1477362958772,4.659833008190617,6285.512125003152,39182.974776152
1739239358,100,,Aggregated,42.500000,0.000000,820,1600,1900,2200,2700,3200,3700,4300,5400,6300,6300,9173,0,820.0,1081.2463454155247,4.659833008190617,6285.512125003152,39173.90809985828
1739239359,100,,Aggregated,36.200000,0.000000,840,1600,1900,2200,2700,3200,3700,4300,5400,6300,6300,9258,0,840.0,1084.2277811177958,4.659833008190617,6285.512125003152,39158.811946424714
1739239360,100,,Aggregated,32.000000,0.000000,830,1600,1900,2100,2700,3200,3700,4300,5400,6300,6300,9287,0,830.0,1081.6386848149555,4.659833008190617,6285.512125003152,39136.45062991278
1739239361,100,,Aggregated,32.000000,0.000000,830,1600,1900,2100,2700,3200,3700,4300,5400,6300,6300,9287,0,830.0,1081.6386848149555,4.659833008190617,6285.512125003152,39136.45062991278
1739239362,100,,Aggregated,40.000000,0.000000,830,1600,1900,2100,2700,3200,3700,4300,5400,6300,6300,9300,0,830.0,1082.6229972313488,4.659833008190617,6285.512125003152,39181.94924731183
1739239363,100,,Aggregated,33.100000,0.000000,850,1600,1900,2100,2700,3200,3600,4300,5400,6300,6300,9378,0,850.0,1084.5695788414912,4.659833008190617,6285.512125003152,39121.65067178503
1739239364,100,,Aggregated,29.900000,0.000000,850,1600,1900,2100,2700,3200,3600,4300,5400,6300,6300,9396,0,850.0,1084.1074308613802,4.659833008190617,6285.512125003152,39081.64208173691
1739239365,100,,Aggregated,28.600000,0.000000,830,1600,1900,2100,2700,3200,3600,4300,5400,6300,6300,9463,0,830.0,1078.64957390612,4.659833008190617,6285.512125003152,39056.04163584487
1739239366,100,,Aggregated,28.600000,0.000000,830,1600,1900,2100,2700,3200,3600,4300,5400,6300,6300,9463,0,830.0,1078.64957390612,4.659833008190617,6285.512125003152,39056.04163584487
1739239367,100,,Aggregated,36.400000,0.000000,830,1600,1900,2100,2700,3200,3600,4300,5400,6300,6300,9470,0,830.0,1079.233070098486,4.659833008190617,6285.512125003152,39027.17455121436
